Name,Email,Department,Salary,Start Date
Alice Johnson,alice@company.com,Engineering,125000,2023-01-15
Bob Smith,bob@company.com,Sales,95000,2022-06-01
Carol Williams,carol@company.com,Marketing,88000,2024-03-20
David Brown,david@company.com,Engineering,135000,2021-09-10
Eva Martinez,eva@company.com,HR,72000,2023-11-05
Frank Lee,frank@company.com,Engineering,142000,2020-02-28
Grace Kim,grace@company.com,Finance,98000,2022-08-15
Henry Chen,henry@company.com,Sales,87000,2024-01-08
Iris Patel,iris@company.com,Engineering,128000,2023-05-22
